alpha@email.com|Alpha|90000001
bravo@email.com|Bravo|90000002
charlie@email.com|Charlie|90000003
delta@email.com|Delta|85214789
fazli@gmail.com|Fazli|85447506
nick@gmail.com|Nick|85447506
lowbenedict12@gmail.com|Benedict|97307924
